{"nodes":{"node:1":{"location":{"x":55,"y":152}},"node:5":{"location":{"x":55,"y":332}}},"selection":["node:5"],"view":{"scroll":{"x":-80.8708572387695312,"y":-22.07958984375},"visible_rect":{"max":{"x":415.303314208984375,"y":773.53631591796875},"min":{"x":-64.696685791015625,"y":-17.6636714935302734}},"zoom":1.25}}