{"nodes":{"node:1":{"location":{"x":55,"y":152}},"node:5":{"location":{"x":55,"y":332}}},"selection":null,"view":{"scroll":{"x":-164.89794921875,"y":-118.279251098632812},"visible_rect":{"max":{"x":290.06805419921875,"y":580.4805908203125},"min":{"x":-109.931976318359375,"y":-78.85284423828125}},"zoom":1.4999997615814209}}